'id_player','name_player','birthday'
0,'Giovanni Sio',31/03/1989
1,'Floyd Ayite',15/12/1988
2,'Francois Kamano',01/05/1996
3,'Brandao',16/06/1980
4,'Wahbi Khazri',08/02/1991
5,'Nicolas De Preville',08/01/1991
6,'Theoson Jordan Siebatcheu',26/04/1996
7,'Hamari Traore',27/01/1992
8,'Maxime Poundje',16/08/1992
9,'Gaetan Charbonnier',27/12/1988
10,'Cedric Yambere',06/11/1990
11,'Frederic Guilbert',24/12/1994
12,'Lucas Moura',13/08/1992
13,'Adrien Rabiot',03/04/1995
14,'Djibril Sidibe',29/07/1992
15,'Thiago Motta',28/08/1982
16,'Serge Aurier',24/12/1992
17,'Sofiane Boufal',17/09/1993
18,'Benjamin Pavard',28/03/1996
19,'Wesley Lautoa',25/08/1987
20,'Jordan Ferri',12/03/1992
21,'Francois Bellugou',25/04/1987
22,'Andy Delort',09/10/1991
23,'Stephane Sparagna',17/02/1995
24,'Abdoul Razzagui Camara',20/02/1990
25,'Gilles Sunu',30/03/1991
26,'Cheikh Ndoye',29/03/1986
27,'Mathieu Deplagne',01/10/1991
28,'Ramy Bensebaini',16/04/1995
29,'Vincent Manceau',10/07/1989
30,'Bryan Dabo',18/02/1992
31,'Jeremy Sorbon',05/08/1983
32,'Koffi Djidji',30/11/1992
33,'Dorian Leveque',22/11/1989
34,'Mustapha Diallo',14/05/1986
35,'Birama Toure',06/06/1992
36,'Younousse Sankhare',10/09/1989
37,'Valere Germain',17/04/1990
38,'Bernardo Silva',10/08/1994
39,'Lavyin Kurzawa',04/09/1992
40,'Olivier Boscagli',18/11/1997
41,'Alassane Plea',10/03/1993
42,'Ricardo Carvalho',18/05/1978
43,'Paul Baysse',18/05/1988
44,'Loic Perrin',07/08/1985
45,'Martin Braithwaite',05/06/1991
46,'Wissam Ben Yedder',12/08/1990
47,'Kevin Theophile-Catherine',28/10/1989
48,'Aleksandar Pesic',21/05/1992
49,'Mohamed Larbi',02/09/1987
50,'Amos Youga',08/12/1992
51,'Pablo Martinez',21/02/1989
52,'David Ducourtioux',11/04/1978
53,'Issiaga Sylla',01/01/1994
54,'Zlatan Ibrahimovic',03/10/1981
55,'Gael Danic',19/11/1981
56,'Axel N''Gando',13/07/1993
57,'Marquinhos',14/05/1994
58,'Yannick Cahuzac',18/01/1985
59,'Adam Ounas',11/11/1996
60,'Henri Saivet',26/10/1990
61,'Nicolas Maurice-Belay',19/04/1985
62,'William Remy',04/04/1991
63,'Ludovic Lamine Sane',22/03/1987
64,'Jimmy Briand',02/08/1985
65,'Stophira Sunzu',22/06/1989
66,'Adama Soumaoro',18/06/1992
67,'Baptiste Guillaume',16/06/1995
68,'Romain Alessandrini',03/04/1989
69,'Michy Batshuayi',02/10/1993
70,'Benjamin Moukandjo',12/11/1988
71,'Pape Abdou Paye',31/05/1990
72,'Ibrahim Didier Ndong',17/06/1994
73,'Rolando',31/08/1985
74,'Mario Pasalic',09/02/1995
75,'Rafael',09/07/1990
76,'Lacina Traore',20/05/1990
77,'Mapou Yanga-Mbiwa',15/05/1989
78,'Wallace',14/10/1993
79,'Samuel Umtiti',14/11/1993
80,'Valentin Rongier',07/12/1994
81,'Youssouf Sabaly',05/03/1993
82,'Yacine Bammou',11/09/1991
83,'Dusan Veskovac',16/03/1986
84,'Julien Feret',05/07/1982
85,'Grejohn Kyei',12/08/1995
86,'Jordan Leborgne',29/09/1995
87,'Dennis Appiah',09/06/1992
88,'Alaeddine Yahia',26/09/1981
89,'Mathieu Bodmer',22/11/1982
90,'Hatem Ben Arfa',07/03/1987
91,'Mahamane Traore',31/08/1988
92,'Said Benrahma',10/08/1995
93,'Kamil Grosicki',08/06/1988
94,'Gelson Fernandes',02/09/1986
95,'Robert Beric',17/06/1991
96,'Kevin Monnet-Paquet',19/08/1988
97,'Oscar Trejo',26/04/1988
98,'Slimane Sissoko',20/03/1991
99,'Marcel Tisserand',10/01/1993
100,'Romain Thomas',12/06/1988
101,'Benjamin Brou Angoua',28/11/1986
102,'Thomas Mangani',29/04/1987
103,'Thomas Ayasse',17/02/1987
104,'Chris Mavinga',26/05/1991
105,'Stephane Darbion',22/03/1984
106,'Jonathan Martins-Pereira',30/01/1986
107,'Adrien Thomasson',10/12/1993
108,'Wilfried Moimbe',18/10/1988
109,'Remy Riou',06/08/1987
110,'Gregory Pujol',25/01/1980
111,'Roderic Filippi',25/02/1989
112,'Damjan Djokovic',18/04/1990
113,'Alexandre Coeff',20/02/1992
114,'Vincent Koziello',28/10/1995
115,'Jerome Le Moigne',15/02/1983
116,'Wallyson Mallmann',16/02/1994
117,'Sebastien Corchia',01/11/1990
118,'Renato Civelli',14/10/1983
119,'Remy Cabella',08/03/1990
120,'Nicolas N''Koulou',27/03/1990
121,'Lucas Silva',16/02/1993
122,'Lassana Diarra',10/03/1985
123,'Sehrou Guirassy',12/03/1996
124,'Raphael Guerreiro',22/12/1993
125,'Lamine Kone',01/02/1989
126,'Sergi Darder',22/12/1993
127,'Mathieu Valbuena',28/09/1984
128,'Gnaly Maxwell Cornet',27/09/1996
129,'Francois Moubandje',21/06/1990
130,'Yann Bodiger',09/02/1995
131,'Jean-Daniel Akpa-Akpro',11/10/1992
132,'Jeremy Morel',02/04/1984
133,'Ryad Boudebouz',19/02/1990
134,'Rodrigue Casimir Ninga',17/05/1993
135,'Mathieu Philippe Peybernes',21/10/1990
136,'Edinson Cavani',14/02/1987
137,'Marco Verratti',05/11/1992
138,'Antoine Devaux',21/02/1985
139,'Danijel Subasic',27/10/1984
140,'Ivan Cavaleiro',18/10/1993
141,'Abdoulaye Diallo Sadio 22',28/12/1990
142,'Damien Da Silva',17/05/1988
143,'Diego Rolan',24/03/1993
144,'Enzo Crivelli',06/02/1995
145,'Clement Maury',20/11/1985
146,'Andre Biyogo Poko',07/03/1993
147,'Yannis Salibur',24/01/1991
148,'Nicolas Benezet',24/02/1991
149,'Abdul Majeed Waris',19/09/1991
150,'Walid Mesloub',04/09/1985
151,'Lionel Mathis',04/10/1981
152,'Elderson',20/01/1988
153,'Yoann Andreu',03/05/1989
154,'Georges N''Koudou',13/02/1995
155,'Ricardo Pereira',06/10/1993
156,'Eric Bautheac',24/08/1987
157,'Mounir Obbadi',04/04/1983
158,'Franck Honorat',11/08/1996
159,'Angel Di Maria',14/02/1988
160,'Prince Oniangue',04/11/1988
161,'Valentin Eysseric',25/03/1992
162,'Alexi Peuget',18/12/1990
163,'Jerome Roussillon',06/01/1993
164,'Zinedine Machach',05/01/1996
165,'Adrien Regattin',22/08/1991
166,'Claudio Beauvue',16/04/1988
167,'Corentin Jean',15/07/1995
168,'Fabien Camus',28/02/1985
169,'Maxime Gonalons',10/03/1989
170,'Abdoulaye Doucoure',01/01/1993
171,'Helder Costa',12/01/1994
172,'Jaroslav Plasil',05/01/1982
173,'Stephan El Shaarawy',27/10/1992
174,'Fabinho',23/10/1993
175,'Lars Jacobsen',20/09/1979
176,'Gilles Cioni',14/06/1984
177,'Julien Palmieri',07/12/1986
178,'Benjamin Jeannot',22/01/1992
179,'Benjamin Nivet',02/01/1977
180,'Alexandre Lacazette',28/05/1991
181,'Vincent Pajot',19/08/1990
182,'Fabien Lemoine',16/03/1987
183,'Anthony Lopes',01/10/1990
184,'Jeremy Clement',26/08/1984
185,'Romain Hamouma',29/03/1987
186,'Benjamin Mendy',17/07/1994
187,'Hilton',13/09/1977
188,'Oswaldo Vizcarrondo',31/05/1984
189,'Lorik Cana',27/07/1983
190,'Ezequiel Lavezzi',03/05/1985
191,'David Luiz',22/04/1987
192,'Benjamin Stambouli',13/08/1990
193,'Khalid Boutaib',24/04/1987
194,'Jacques Zoua Daogari',06/09/1991
195,'Anthony Weber',11/06/1987
196,'Jean-Louis Leca',21/09/1985
197,'Pierrick Capelle',15/04/1987
198,'Sloan Privat',24/07/1989
199,'William Matheus',02/04/1990
200,'Jean-Armel Kana-Biyik',03/07/1989
201,'Hervin Ongenda',24/06/1995
202,'Blaise Matuidi',09/04/1987
203,'Lamine Gassama',20/10/1989
204,'Mustapha Yatabare',26/01/1986
205,'Souleymane Camara',22/12/1982
206,'Franck Signorino',19/09/1981
207,'Romain Genevois',28/10/1987
208,'Ousmane Dembele',15/05/1997
209,'Diego Contento',01/05/1990
210,'Sylvain Armand',01/08/1980
211,'Nicolas Pallois',19/09/1987
212,'Yassine Benzia',08/09/1994
213,'Ismael Traore',18/08/1986
214,'Lenny Nangis',24/03/1994
215,'Florent Balmont',02/02/1980
216,'Olivier Auriac',14/09/1983
217,'Siam Ben Youssef',31/03/1989
218,'Cedric Carrasso',30/12/1981
219,'Chaker Alhadhur',04/12/1991
220,'Clement Chantome',11/09/1987
221,'Jordan Adeoti',12/03/1989
222,'Corentin Tolisso',03/08/1994
223,'Rachid Ghezzal',09/05/1992
224,'Almamy Toure',28/04/1996
225,'Fabio Coentrao',11/03/1988
226,'Alejandro Bedoya',29/04/1987
227,'Jean-Kevin Augustin',16/06/1997
228,'Jeremie Boga',03/01/1997
229,'Aissa Mandi',22/10/1991
230,'Yacouba Sylla',29/11/1990
231,'Jaba Kankava',18/03/1986
232,'Steven Moreira',13/08/1994
233,'Nolan Roux',01/03/1988
234,'Mana Dembele',29/11/1988
235,'Mustapha Bayal Sall',30/11/1985
236,'Stephane Ruffier',27/09/1986
237,'Somalia',28/09/1988
238,'Mouez Hassen',05/03/1995
239,'Jeremy Pied',23/02/1989
240,'Maxime Le Marchand',11/10/1989
241,'Florian Raspentino',06/06/1989
242,'David Ngog',01/04/1989
243,'Mohamed Fofana',07/03/1985
244,'Marcus Regis Coco',24/06/1996
245,'Benoit Assou-Ekotto',24/03/1984
246,'Niklas Hult',13/02/1990
247,'Guido Marcelo Carrillo',25/05/1991
248,'Sylvio Ronny Rodelin',18/11/1989
249,'Vincent Bessat',08/11/1985
250,'John Tshibumbu',06/01/1989
251,'Benjamin Andre',03/08/1990
252,'Mexer',08/09/1988
253,'Steve Mandanda',28/03/1985
254,'Issa Diop',09/01/1997
255,'Julien Romain',23/02/1996
256,'Mehdi Mostefa',30/08/1983
257,'Nabil Dirar',26/08/1986
258,'Laurent Dos Santos',21/03/1993
259,'Jonathan Delaplace',20/03/1986
260,'Vincent Enyeama',29/08/1982
261,'Emiliano Sala',31/10/1990
262,'Romain Saiss',26/03/1990
263,'Bouna Sarr',31/01/1992
264,'Jacques Alaixys Romao',18/01/1984
265,'Jessy Pi',24/09/1993
266,'Thiago Xavier',27/12/1983
267,'Pedro Henrique',16/06/1990
268,'Neal Maupay',14/08/1996
269,'Gael Angoula',18/07/1982
270,'Kader Mangane',23/03/1983
271,'Abdelaziz Barrada',19/06/1989
272,'Kevin Malcuit',31/07/1991
273,'Jeremy Toulalan',10/09/1983
274,'Julien Cardy',29/09/1981
275,'Morgan Sanson',18/08/1994
276,'Tongo Hamed Doumbia',06/08/1989
277,'Lucas Deaux',26/12/1988
278,'Johan Audel',12/12/1983
279,'Diego',09/03/1988
280,'Juan Quintero',18/01/1993
281,'Emmanuel Imorou',16/09/1988
282,'Seko Fofana',07/05/1995
283,'Jimmy Cabot',18/04/1994
284,'Sebastien Squillaci',11/08/1980
285,'Francois Modesto',19/08/1978
286,'Mickael Tacalfred',23/04/1981
287,'Nicolas Seube',11/08/1979
288,'Thiago Silva',22/09/1984
289,'Clement Grenier',07/01/1991
290,'Leo Dubois',14/09/1994
291,'Jonas Martin',09/04/1990
292,'Nampalys Mendy',23/06/1992
293,'Benjamin Corgnet',06/04/1987
294,'Mouhamadou Dabo',28/11/1986
295,'Karim Azamoum',17/01/1990
296,'Thomas Lemar',12/11/1995
297,'Loosemy Karaboue',18/03/1988
298,'Adryan',10/08/1994
299,'Billy Ketkeophomphone',24/03/1990
300,'Etienne Didot',24/07/1983
301,'Uros Spajic',13/02/1993
302,'Nill De Pauw',06/01/1990
303,'Florian Marange',03/03/1986
304,'Alexander Djiku',09/08/1994
305,'Gadji Tallo',21/12/1992
306,'Geoffrey Jourdren',04/02/1986
307,'Jean-Christophe Bahebeck',01/05/1993
308,'Yoann Court',14/01/1990
309,'Jonathan Correia',13/02/1994
310,'Stephan Raheriharimanana',16/08/1993
311,'Joao Moutinho',08/09/1986
312,'Kolbeinn Sigthorsson',14/03/1990
313,'Guillaume Gillet',09/03/1984
314,'Jonathan Brison',07/02/1983
315,'Jean Michael Seri',19/07/1991
316,'Cheick Diabate',25/04/1988
317,'Maxwell',27/08/1981
318,'Alexis Blin',16/09/1996
319,'Fallou Diagne',14/08/1989
320,'Christophe Kerbrat',02/08/1986
321,'Reynald Lemaitre',28/06/1983
322,'Anele Ngcongca',21/10/1987
323,'Rio Mavuba',08/03/1984
324,'Yann Jouffre',23/07/1984
325,'Yoan Cardinale',27/03/1994
326,'Daniel Congre',05/04/1985
327,'Herve Bazile',18/03/1990
328,'Brice Dja Djedje',23/12/1990
329,'Tiemoue Bakayoko',17/08/1994
330,'Thibault Giresse',25/05/1981
331,'Remy Vercoutre',26/06/1980
332,'Jamel Saihi',27/01/1987
333,'Javier Manquillo',05/05/1994
334,'Gregory van der Wiel',03/02/1988
335,'Florentin Pogba',19/08/1990
336,'Cheikh Mbengue',23/07/1988
337,'Romain Danze',03/07/1986
338,'Mohamed Yattara',28/07/1993
339,'Presnel Kimpembe',13/08/1995
340,'Renaud Cohade',29/09/1984
341,'Thomas Toure',27/12/1993
342,'Zargo Toure',11/11/1989
343,'Rafidine Abdullah',15/01/1994
344,'Remi Mulumba',02/11/1992
345,'Alassane Toure',09/02/1989
346,'Antoine Rabillard',22/09/1995
347,'Morgan Amalfitano',20/03/1985
348,'Michael Jordan N''Kololo',09/11/1992
349,'Mevlut Erdinc',25/02/1987
350,'Ludovic Blas',31/12/1997
351,'Charles Traore',01/01/1992
352,'Kevin Mayi',14/01/1993
353,'Florian Thauvin',26/01/1993
354,'Paolo De Ceglie',17/09/1986
355,'Aldo Kalulu',21/01/1996
356,'Valentin Vada',06/03/1996
357,'Arnold Bouka Moutou',28/11/1988
358,'Christophe Jallet',31/10/1983
359,'Oussama Tannane',23/03/1994
360,'Mauro Arambarri',30/09/1995
361,'Kevin Berigaud',09/05/1988
362,'Eder',22/12/1987
363,'Pedro Mendes',01/10/1990
364,'Mehdi Zeffane',19/05/1992
365,'Brayan Perea',25/02/1993
366,'Thievy Bifouma',13/05/1992
367,'Chaouki Ben Saada',01/07/1984
368,'Johan Martial',30/05/1991
369,'Alois Confais',07/09/1996
370,'Vagner Love',11/06/1984
371,'Mauricio Isla',12/06/1988
372,'Javier Pastore',20/06/1989
373,'Marvin Martin',10/01/1988
374,'Alhassane Bangoura',30/03/1992
375,'Goran Karanovic',13/10/1987
376,'Babacar Gueye',31/12/1994
377,'Kylian Mbappe Lottin',20/12/1998
378,'Lindsay Rose',08/02/1992
379,'Vincent Le Goff',15/10/1989
380,'Ibrahim Amadou',06/04/1993
381,'Saidi Ntibazonkiza',01/05/1987
382,'Romain Philippoteaux',02/03/1988
383,'Karim Rekik',02/12/1994
384,'Ellyes Skhiri',10/05/1995
385,'Antoine Conte',29/01/1994
386,'Pablo',21/06/1991
387,'Marcos Lopes',28/12/1995
388,'Steven Fletcher',26/03/1987
389,'Maxime Barthelme',08/09/1988
390,'Maxime Baca',02/06/1983
391,'Lassana Coulibaly',10/04/1996
392,'Benjamin Lecomte',26/04/1991
393,'Nabil Fekir',18/07/1993
394,'Lucas Ariel Ocampos',11/07/1994
395,'Mario Lemina',01/09/1993
396,'Ermir Lenjani',05/08/1989
397,'Jeff Louis',08/08/1992
398,'Adama Traore',28/06/1995
399,'Johan Carrasso',07/05/1988
400,'Matthieu Saunier',07/02/1990
401,'Remy Gomis',14/02/1984
402,'Bakary Kone',27/04/1988
403,'Steeve Yago',16/12/1992
404,'Yoann Gourcuff',11/07/1986
405,'Jemerson',24/08/1992
406,'Rincon',31/05/1987
407,'Charles Diers',06/06/1981
408,'Louis Poggi',18/06/1984
409,'Fares Bahlouli',08/04/1995
410,'Andrea Raggi',24/06/1984
411,'Gregory Bourillon',01/07/1984
412,'Mathieu Debuchy',28/07/1985
413,'Alexandre Letellier',11/12/1990
414,'Atila Turan',10/04/1992
415,'Pantxi Sirieix',07/10/1980
416,'Joris Gnagnon',13/01/1997
417,'Ismael Diomande',28/08/1992
418,'Malcom',26/02/1997
419,'Franck Tabanou',30/01/1989
420,'Ferebory Dore',21/01/1989
421,'Milan Gajic',28/01/1996
422,'Denis Bouanga',11/11/1994
423,'Mauro Goicoechea',27/03/1988
424,'Joris Steve Marveaux',15/08/1982
425,'Quentin Cornette',17/01/1994
426,'Pierre-Yves Polomat',27/12/1993
427,'Paul-Georges Ntep',29/07/1992
428,'Frederic Bulot',27/09/1990
429,'Quentin Othon',27/03/1988
430,'Paul Bastien Lasne',16/01/1989
431,'Marko Basa',29/12/1982
432,'Milan Bisevac',31/08/1983
433,'Jonathan Ligali',28/05/1991
434,'Mickael Le Bihan',16/05/1990
435,'Alexandre Mendy',20/03/1994
436,'Franck Hery',26/04/1993
437,'Alexis Alegue Elandi',23/12/1996
438,'Alexander Søderlund',03/08/1987
439,'Jonathan Bamba',26/03/1996
440,'Christian Kouakou',01/03/1991
441,'Gaëtan Perrin',07/06/1996
442,'Jules Iloki',14/01/1992
443,'Omenuke Mfulu',20/03/1994
444,'Thomas Henry',20/09/1994
445,'Jean-Victor Makengo',12/06/1998
446,'Moryké Fofana',23/11/1991
447,'Antony Ranieri',21/06/1997
448,'Julien Bègue',08/08/1993
